 已经完成了数据库安装和运行,如下:


mysql> select * from email
    -> ;
+----+---------+
| ID | Email   |
+----+---------+
|  1 | a@b.com |
|  2 | c@d.com |
|  3 | a@b.com |
+----+---------+
3 rows in set (0.00 sec)

mysql> select * from World;
+-------------+-----------+---------+------------+-----------+
| name        | continent | area    | population | gdp       |
+-------------+-----------+---------+------------+-----------+
| Afghanistan | Asia      |  652230 |   25500100 |  20343000 |
| Albania     | Europe    |   28748 |    2831741 |  12960000 |
| Algeria     | Africa    | 2381741 |   37100000 | 188681000 |
| Andorra     | Europe    |     468 |      78115 |   3712000 |
| Angola      | Africa    | 1246700 |   20609294 | 100990000 |
+-------------+-----------+---------+------------+-----------+
5 rows in set (0.00 sec)

